Transaction ID,Amount ($),Currency,Date,Status,Payment Method ID,Card Brand,Last 4 Digits
ch_3SReueJYj4RlPy1i0BGOytnh,4000.0,usd,2025-11-09 20:08:37,succeeded,card_1SRLhHJYj4RlPy1ilFbgcbds,visa,4242
ch_3SReuYJYj4RlPy1i1HEpZXkt,4000.0,usd,2025-11-09 20:08:31,succeeded,card_1SRLhHJYj4RlPy1ilFbgcbds,visa,4242
ch_3SReuRJYj4RlPy1i0mrVDpsF,4000.0,usd,2025-11-09 20:08:25,succeeded,card_1SRLhHJYj4RlPy1ilFbgcbds,visa,4242
ch_3SReuLJYj4RlPy1i0Er24gO2,4000.0,usd,2025-11-09 20:08:18,succeeded,card_1SRLhHJYj4RlPy1ilFbgcbds,visa,4242
ch_3SReuEJYj4RlPy1i1I2PKKbh,4000.0,usd,2025-11-09 20:08:12,succeeded,card_1SRLhHJYj4RlPy1ilFbgcbds,visa,4242
ch_3SReu4JYj4RlPy1i0eejR1NA,4000.0,usd,2025-11-09 20:08:01,succeeded,card_1SRLhHJYj4RlPy1ilFbgcbds,visa,4242
ch_3SRetyJYj4RlPy1i0niJULhd,4000.0,usd,2025-11-09 20:07:55,succeeded,card_1SRLhHJYj4RlPy1ilFbgcbds,visa,4242
ch_3SRetsJYj4RlPy1i1u1Jw2gG,4000.0,usd,2025-11-09 20:07:49,succeeded,card_1SRLhHJYj4RlPy1ilFbgcbds,visa,4242
ch_3SRethJYj4RlPy1i1xToxB4v,4000.0,usd,2025-11-09 20:07:39,succeeded,card_1SRLhHJYj4RlPy1ilFbgcbds,visa,4242
ch_3SRetZJYj4RlPy1i0yioK13X,4000.0,usd,2025-11-09 20:07:30,succeeded,card_1SRLhHJYj4RlPy1ilFbgcbds,visa,4242
ch_3SRetTJYj4RlPy1i1CqkIxHO,4000.0,usd,2025-11-09 20:07:24,succeeded,card_1SRLhHJYj4RlPy1ilFbgcbds,visa,4242
ch_3SRetMJYj4RlPy1i0D1XZucq,4000.0,usd,2025-11-09 20:07:18,succeeded,card_1SRLhHJYj4RlPy1ilFbgcbds,visa,4242
ch_3SRetCJYj4RlPy1i0bI4gTjs,4000.0,usd,2025-11-09 20:07:07,succeeded,card_1SRLhHJYj4RlPy1ilFbgcbds,visa,4242
ch_3SRet6JYj4RlPy1i150kAAkW,4000.0,usd,2025-11-09 20:07:01,succeeded,card_1SRLhHJYj4RlPy1ilFbgcbds,visa,4242
ch_3SRet0JYj4RlPy1i0SbuWylZ,4000.0,usd,2025-11-09 20:06:56,succeeded,card_1SRLhHJYj4RlPy1ilFbgcbds,visa,4242
ch_3SRestJYj4RlPy1i0QGD2G95,4000.0,usd,2025-11-09 20:06:49,succeeded,card_1SRLhHJYj4RlPy1ilFbgcbds,visa,4242
ch_3SResnJYj4RlPy1i0JYf5tmz,4000.0,usd,2025-11-09 20:06:43,succeeded,card_1SRLhHJYj4RlPy1ilFbgcbds,visa,4242
ch_3SReshJYj4RlPy1i0I5IYQqG,4000.0,usd,2025-11-09 20:06:37,succeeded,card_1SRLhHJYj4RlPy1ilFbgcbds,visa,4242
ch_3SResbJYj4RlPy1i0dOXvGsz,4000.0,usd,2025-11-09 20:06:31,succeeded,card_1SRLhHJYj4RlPy1ilFbgcbds,visa,4242
ch_3SResTJYj4RlPy1i13kyXV46,4000.0,usd,2025-11-09 20:06:23,succeeded,card_1SRLhHJYj4RlPy1ilFbgcbds,visa,4242
ch_3SResKJYj4RlPy1i0muZKntw,4000.0,usd,2025-11-09 20:06:14,succeeded,card_1SRLhHJYj4RlPy1ilFbgcbds,visa,4242
ch_3SResEJYj4RlPy1i1ppJHn61,4000.0,usd,2025-11-09 20:06:08,succeeded,card_1SRLhHJYj4RlPy1ilFbgcbds,visa,4242
ch_3SRes8JYj4RlPy1i1kR1jmrh,4000.0,usd,2025-11-09 20:06:01,succeeded,card_1SRLhHJYj4RlPy1ilFbgcbds,visa,4242
ch_3SRes2JYj4RlPy1i1Rf0Ax0a,4000.0,usd,2025-11-09 20:05:55,succeeded,card_1SRLhHJYj4RlPy1ilFbgcbds,visa,4242
ch_3SRerwJYj4RlPy1i1EXv3ctL,4000.0,usd,2025-11-09 20:05:49,succeeded,card_1SRLhHJYj4RlPy1ilFbgcbds,visa,4242
ch_3SRernJYj4RlPy1i1H8NtktK,4000.0,usd,2025-11-09 20:05:41,succeeded,card_1SRLhHJYj4RlPy1ilFbgcbds,visa,4242
ch_3SRerfJYj4RlPy1i0G3l166o,4000.0,usd,2025-11-09 20:05:32,succeeded,card_1SRLhHJYj4RlPy1ilFbgcbds,visa,4242
ch_3SRerZJYj4RlPy1i1TAt65OZ,4000.0,usd,2025-11-09 20:05:26,succeeded,card_1SRLhHJYj4RlPy1ilFbgcbds,visa,4242
ch_3SRerSJYj4RlPy1i0j0if7by,4000.0,usd,2025-11-09 20:05:20,succeeded,card_1SRLhHJYj4RlPy1ilFbgcbds,visa,4242
ch_3SRerLJYj4RlPy1i0zNA73u9,4000.0,usd,2025-11-09 20:05:13,succeeded,card_1SRLhHJYj4RlPy1ilFbgcbds,visa,4242
ch_3SRerFJYj4RlPy1i1IOuHzGG,4000.0,usd,2025-11-09 20:05:06,succeeded,card_1SRLhHJYj4RlPy1ilFbgcbds,visa,4242
ch_3SRer8JYj4RlPy1i0rg3pEB7,4000.0,usd,2025-11-09 20:05:00,succeeded,card_1SRLhHJYj4RlPy1ilFbgcbds,visa,4242
ch_3SRer0JYj4RlPy1i1kmbwOp8,4000.0,usd,2025-11-09 20:04:52,succeeded,card_1SRLhHJYj4RlPy1ilFbgcbds,visa,4242
ch_3SReqtJYj4RlPy1i1w3ezxEo,4000.0,usd,2025-11-09 20:04:45,succeeded,card_1SRLhHJYj4RlPy1ilFbgcbds,visa,4242
ch_3SReqnJYj4RlPy1i0YTKL2WU,4000.0,usd,2025-11-09 20:04:38,succeeded,card_1SRLhHJYj4RlPy1ilFbgcbds,visa,4242
ch_3SReqfJYj4RlPy1i1fkhqJao,4000.0,usd,2025-11-09 20:04:31,succeeded,card_1SRLhHJYj4RlPy1ilFbgcbds,visa,4242
ch_3SReqYJYj4RlPy1i19pSZ77j,4000.0,usd,2025-11-09 20:04:24,succeeded,card_1SRLhHJYj4RlPy1ilFbgcbds,visa,4242
ch_3SReqRJYj4RlPy1i0erHfTh3,4000.0,usd,2025-11-09 20:04:17,succeeded,card_1SRLhHJYj4RlPy1ilFbgcbds,visa,4242
ch_3SReqJJYj4RlPy1i1jTtjhbT,4000.0,usd,2025-11-09 20:04:09,succeeded,card_1SRLhHJYj4RlPy1ilFbgcbds,visa,4242
ch_3SReqBJYj4RlPy1i0g1cM0ao,4000.0,usd,2025-11-09 20:04:01,succeeded,card_1SRLhHJYj4RlPy1ilFbgcbds,visa,4242
ch_3SReq5JYj4RlPy1i0atDpsW7,4000.0,usd,2025-11-09 20:03:54,succeeded,card_1SRLhHJYj4RlPy1ilFbgcbds,visa,4242
ch_3SRepyJYj4RlPy1i0K9h7a43,4000.0,usd,2025-11-09 20:03:47,succeeded,card_1SRLhHJYj4RlPy1ilFbgcbds,visa,4242
ch_3SReprJYj4RlPy1i13KaBEi5,4000.0,usd,2025-11-09 20:03:40,succeeded,card_1SRLhHJYj4RlPy1ilFbgcbds,visa,4242
ch_3SRepjJYj4RlPy1i1HCw8faf,4000.0,usd,2025-11-09 20:03:32,succeeded,card_1SRLhHJYj4RlPy1ilFbgcbds,visa,4242
ch_3SRepcJYj4RlPy1i0hwymeb2,4000.0,usd,2025-11-09 20:03:26,succeeded,card_1SRLhHJYj4RlPy1ilFbgcbds,visa,4242
ch_3SRepUJYj4RlPy1i1W4kE5zD,4000.0,usd,2025-11-09 20:03:17,succeeded,card_1SRLhHJYj4RlPy1ilFbgcbds,visa,4242
ch_3SRepOJYj4RlPy1i02WjwS8l,4000.0,usd,2025-11-09 20:03:11,succeeded,card_1SRLhHJYj4RlPy1ilFbgcbds,visa,4242
ch_3SRepHJYj4RlPy1i10Lh4AGR,4000.0,usd,2025-11-09 20:03:05,succeeded,card_1SRLhHJYj4RlPy1ilFbgcbds,visa,4242
ch_3SRepAJYj4RlPy1i03kjCYge,4000.0,usd,2025-11-09 20:02:58,succeeded,card_1SRLhHJYj4RlPy1ilFbgcbds,visa,4242
ch_3SRep4JYj4RlPy1i1WfaBftQ,4000.0,usd,2025-11-09 20:02:51,succeeded,card_1SRLhHJYj4RlPy1ilFbgcbds,visa,4242
ch_3SReoxJYj4RlPy1i0p7ezipf,4000.0,usd,2025-11-09 20:02:45,succeeded,card_1SRLhHJYj4RlPy1ilFbgcbds,visa,4242
ch_3SReoqJYj4RlPy1i1vQZURqg,4000.0,usd,2025-11-09 20:02:38,succeeded,card_1SRLhHJYj4RlPy1ilFbgcbds,visa,4242
ch_3SReohJYj4RlPy1i12Z2KhLC,4000.0,usd,2025-11-09 20:02:28,succeeded,card_1SRLhHJYj4RlPy1ilFbgcbds,visa,4242
ch_3SReobJYj4RlPy1i0uXMBLsj,4000.0,usd,2025-11-09 20:02:22,succeeded,card_1SRLhHJYj4RlPy1ilFbgcbds,visa,4242
ch_3SReoVJYj4RlPy1i16owtq8H,4000.0,usd,2025-11-09 20:02:17,succeeded,card_1SRLhHJYj4RlPy1ilFbgcbds,visa,4242
ch_3SReoMJYj4RlPy1i0UU7yn7l,4000.0,usd,2025-11-09 20:02:08,succeeded,card_1SRLhHJYj4RlPy1ilFbgcbds,visa,4242
ch_3SReoGJYj4RlPy1i0CRTM1PU,4000.0,usd,2025-11-09 20:02:01,succeeded,card_1SRLhHJYj4RlPy1ilFbgcbds,visa,4242
ch_3SReoAJYj4RlPy1i0f8vxMMR,14000.0,usd,2025-11-09 20:01:55,succeeded,card_1SRLhHJYj4RlPy1ilFbgcbds,visa,4242
ch_3SReo3JYj4RlPy1i0SJzffSY,4000.0,usd,2025-11-09 20:01:49,succeeded,card_1SRLhHJYj4RlPy1ilFbgcbds,visa,4242
ch_3SRLwZJYj4RlPy1i0gZ85lAr,4000.0,usd,2025-11-08 23:53:21,succeeded,card_1SRLhHJYj4RlPy1ilFbgcbds,visa,4242
ch_3SRLwTJYj4RlPy1i0SQ6sz2z,4000.0,usd,2025-11-08 23:53:14,succeeded,card_1SRLhHJYj4RlPy1ilFbgcbds,visa,4242
ch_3SRLwLJYj4RlPy1i1Ec8SBvg,4000.0,usd,2025-11-08 23:53:07,succeeded,card_1SRLhHJYj4RlPy1ilFbgcbds,visa,4242
ch_3SRLwFJYj4RlPy1i1PUcpFLw,4000.0,usd,2025-11-08 23:53:00,succeeded,card_1SRLhHJYj4RlPy1ilFbgcbds,visa,4242
ch_3SRLw8JYj4RlPy1i05chvBao,4000.0,usd,2025-11-08 23:52:54,succeeded,card_1SRLhHJYj4RlPy1ilFbgcbds,visa,4242
ch_3SRLvyJYj4RlPy1i0EXU2fcG,4000.0,usd,2025-11-08 23:52:43,succeeded,card_1SRLhHJYj4RlPy1ilFbgcbds,visa,4242
ch_3SRLvnJYj4RlPy1i0ubC2WKF,4000.0,usd,2025-11-08 23:52:32,succeeded,card_1SRLhHJYj4RlPy1ilFbgcbds,visa,4242
ch_3SRLvhJYj4RlPy1i0sDDAcAG,4000.0,usd,2025-11-08 23:52:26,succeeded,card_1SRLhHJYj4RlPy1ilFbgcbds,visa,4242
ch_3SRLvaJYj4RlPy1i0HmOR55a,4000.0,usd,2025-11-08 23:52:19,succeeded,card_1SRLhHJYj4RlPy1ilFbgcbds,visa,4242
ch_3SRLvTJYj4RlPy1i1PEDxZRu,4000.0,usd,2025-11-08 23:52:13,succeeded,card_1SRLhHJYj4RlPy1ilFbgcbds,visa,4242
ch_3SRLvMJYj4RlPy1i1ZKItvcv,4000.0,usd,2025-11-08 23:52:06,succeeded,card_1SRLhHJYj4RlPy1ilFbgcbds,visa,4242
ch_3SRLvFJYj4RlPy1i0gjDVfZ4,4000.0,usd,2025-11-08 23:51:59,succeeded,card_1SRLhHJYj4RlPy1ilFbgcbds,visa,4242
ch_3SRLv7JYj4RlPy1i1lPtrLf1,4000.0,usd,2025-11-08 23:51:50,succeeded,card_1SRLhHJYj4RlPy1ilFbgcbds,visa,4242
ch_3SRLv0JYj4RlPy1i1JrmGOr9,4000.0,usd,2025-11-08 23:51:44,succeeded,card_1SRLhHJYj4RlPy1ilFbgcbds,visa,4242
ch_3SRLuuJYj4RlPy1i1914Tl6H,4000.0,usd,2025-11-08 23:51:38,succeeded,card_1SRLhHJYj4RlPy1ilFbgcbds,visa,4242
ch_3SRLumJYj4RlPy1i0AhxWExg,4000.0,usd,2025-11-08 23:51:29,succeeded,card_1SRLhHJYj4RlPy1ilFbgcbds,visa,4242
ch_3SRLubJYj4RlPy1i1iI3qJxP,4000.0,usd,2025-11-08 23:51:19,succeeded,card_1SRLhHJYj4RlPy1ilFbgcbds,visa,4242
ch_3SRLuUJYj4RlPy1i0hrnHn2s,4000.0,usd,2025-11-08 23:51:12,succeeded,card_1SRLhHJYj4RlPy1ilFbgcbds,visa,4242
ch_3SRLuIJYj4RlPy1i1BRqk2xe,4000.0,usd,2025-11-08 23:51:00,succeeded,card_1SRLhHJYj4RlPy1ilFbgcbds,visa,4242
ch_3SRLuDJYj4RlPy1i0BDgGJRI,4000.0,usd,2025-11-08 23:50:54,succeeded,card_1SRLhHJYj4RlPy1ilFbgcbds,visa,4242
ch_3SRLu7JYj4RlPy1i022IQxRw,4000.0,usd,2025-11-08 23:50:48,succeeded,card_1SRLhHJYj4RlPy1ilFbgcbds,visa,4242
ch_3SRLu1JYj4RlPy1i11DmejvP,4000.0,usd,2025-11-08 23:50:43,succeeded,card_1SRLhHJYj4RlPy1ilFbgcbds,visa,4242
ch_3SRLtuJYj4RlPy1i1SKFhNhO,4000.0,usd,2025-11-08 23:50:36,succeeded,card_1SRLhHJYj4RlPy1ilFbgcbds,visa,4242
ch_3SRLtlJYj4RlPy1i0VYiANQ0,4000.0,usd,2025-11-08 23:50:27,succeeded,card_1SRLhHJYj4RlPy1ilFbgcbds,visa,4242
ch_3SRLtfJYj4RlPy1i0Z5KXpGO,4000.0,usd,2025-11-08 23:50:20,succeeded,card_1SRLhHJYj4RlPy1ilFbgcbds,visa,4242
ch_3SRLtVJYj4RlPy1i0UxbTkQf,4000.0,usd,2025-11-08 23:50:10,succeeded,card_1SRLhHJYj4RlPy1ilFbgcbds,visa,4242
ch_3SRLtPJYj4RlPy1i1VRkEqtg,4000.0,usd,2025-11-08 23:50:04,succeeded,card_1SRLhHJYj4RlPy1ilFbgcbds,visa,4242
ch_3SRLtJJYj4RlPy1i1OJsDitt,4000.0,usd,2025-11-08 23:49:58,succeeded,card_1SRLhHJYj4RlPy1ilFbgcbds,visa,4242
ch_3SRLtCJYj4RlPy1i0EVbieNj,4000.0,usd,2025-11-08 23:49:52,succeeded,card_1SRLhHJYj4RlPy1ilFbgcbds,visa,4242
ch_3SRLt5JYj4RlPy1i0utizubd,4000.0,usd,2025-11-08 23:49:45,succeeded,card_1SRLhHJYj4RlPy1ilFbgcbds,visa,4242
ch_3SRLsyJYj4RlPy1i0Ci9IKC3,4000.0,usd,2025-11-08 23:49:37,succeeded,card_1SRLhHJYj4RlPy1ilFbgcbds,visa,4242
ch_3SRLspJYj4RlPy1i1gOYDeL3,4000.0,usd,2025-11-08 23:49:29,succeeded,card_1SRLhHJYj4RlPy1ilFbgcbds,visa,4242
ch_3SRLsdJYj4RlPy1i1sy0v9gA,4000.0,usd,2025-11-08 23:49:17,succeeded,card_1SRLhHJYj4RlPy1ilFbgcbds,visa,4242
ch_3SRLsXJYj4RlPy1i1LnZjIIe,4000.0,usd,2025-11-08 23:49:10,succeeded,card_1SRLhHJYj4RlPy1ilFbgcbds,visa,4242
ch_3SRLsQJYj4RlPy1i1MWXTE1y,4000.0,usd,2025-11-08 23:49:03,succeeded,card_1SRLhHJYj4RlPy1ilFbgcbds,visa,4242
ch_3SRLsJJYj4RlPy1i1Uu62UoJ,4000.0,usd,2025-11-08 23:48:57,succeeded,card_1SRLhHJYj4RlPy1ilFbgcbds,visa,4242
ch_3SRLsDJYj4RlPy1i1EOoPh7S,4000.0,usd,2025-11-08 23:48:50,succeeded,card_1SRLhHJYj4RlPy1ilFbgcbds,visa,4242
ch_3SRLs6JYj4RlPy1i0JGB8Yxb,4000.0,usd,2025-11-08 23:48:44,succeeded,card_1SRLhHJYj4RlPy1ilFbgcbds,visa,4242
ch_3SRLryJYj4RlPy1i1sVz84IO,4000.0,usd,2025-11-08 23:48:35,succeeded,card_1SRLhHJYj4RlPy1ilFbgcbds,visa,4242
ch_3SRLrrJYj4RlPy1i0gOw5pb9,4000.0,usd,2025-11-08 23:48:29,succeeded,card_1SRLhHJYj4RlPy1ilFbgcbds,visa,4242
ch_3SRLrkJYj4RlPy1i1GKGFZFs,4000.0,usd,2025-11-08 23:48:22,succeeded,card_1SRLhHJYj4RlPy1ilFbgcbds,visa,4242
ch_3SRLreJYj4RlPy1i1BF8bT7w,4000.0,usd,2025-11-08 23:48:16,succeeded,card_1SRLhHJYj4RlPy1ilFbgcbds,visa,4242
ch_3SRLrYJYj4RlPy1i1OvhOXE2,4000.0,usd,2025-11-08 23:48:09,succeeded,card_1SRLhHJYj4RlPy1ilFbgcbds,visa,4242
ch_3SRLrRJYj4RlPy1i1VhA8biq,4000.0,usd,2025-11-08 23:48:03,succeeded,card_1SRLhHJYj4RlPy1ilFbgcbds,visa,4242
ch_3SRLrKJYj4RlPy1i0rjzDhA9,4000.0,usd,2025-11-08 23:47:56,succeeded,card_1SRLhHJYj4RlPy1ilFbgcbds,visa,4242
ch_3SRLr9JYj4RlPy1i1oKz91v8,4000.0,usd,2025-11-08 23:47:44,succeeded,card_1SRLhHJYj4RlPy1ilFbgcbds,visa,4242
ch_3SRLr1JYj4RlPy1i18Mg3JQp,4000.0,usd,2025-11-08 23:47:37,succeeded,card_1SRLhHJYj4RlPy1ilFbgcbds,visa,4242
ch_3SRLquJYj4RlPy1i0JuA7ePC,4000.0,usd,2025-11-08 23:47:30,succeeded,card_1SRLhHJYj4RlPy1ilFbgcbds,visa,4242
ch_3SRLqoJYj4RlPy1i0LFxapkD,4000.0,usd,2025-11-08 23:47:23,succeeded,card_1SRLhHJYj4RlPy1ilFbgcbds,visa,4242
ch_3SRLqhJYj4RlPy1i11MiV1ZS,4000.0,usd,2025-11-08 23:47:17,succeeded,card_1SRLhHJYj4RlPy1ilFbgcbds,visa,4242
ch_3SRLqbJYj4RlPy1i1HwmsQ12,4000.0,usd,2025-11-08 23:47:11,succeeded,card_1SRLhHJYj4RlPy1ilFbgcbds,visa,4242
ch_3SRLqUJYj4RlPy1i1OVLlZJ6,4000.0,usd,2025-11-08 23:47:04,succeeded,card_1SRLhHJYj4RlPy1ilFbgcbds,visa,4242
ch_3SRLqJJYj4RlPy1i00Y9JhqY,4000.0,usd,2025-11-08 23:46:53,succeeded,card_1SRLhHJYj4RlPy1ilFbgcbds,visa,4242
ch_3SRLqDJYj4RlPy1i1rIRmO3W,4000.0,usd,2025-11-08 23:46:47,succeeded,card_1SRLhHJYj4RlPy1ilFbgcbds,visa,4242
ch_3SRLq7JYj4RlPy1i1hiSangh,4000.0,usd,2025-11-08 23:46:40,succeeded,card_1SRLhHJYj4RlPy1ilFbgcbds,visa,4242
ch_3SRLq0JYj4RlPy1i0H70OPBC,4000.0,usd,2025-11-08 23:46:34,succeeded,card_1SRLhHJYj4RlPy1ilFbgcbds,visa,4242
ch_3SRLpoJYj4RlPy1i1HiW7BBd,4000.0,usd,2025-11-08 23:46:22,succeeded,card_1SRLhHJYj4RlPy1ilFbgcbds,visa,4242
ch_3SRLpiJYj4RlPy1i0GsBs5no,4000.0,usd,2025-11-08 23:46:15,succeeded,card_1SRLhHJYj4RlPy1ilFbgcbds,visa,4242
ch_3SRLpXJYj4RlPy1i0MCja3fl,4000.0,usd,2025-11-08 23:46:04,succeeded,card_1SRLhHJYj4RlPy1ilFbgcbds,visa,4242
ch_3SRLpRJYj4RlPy1i0lkpKjYt,4000.0,usd,2025-11-08 23:45:58,succeeded,card_1SRLhHJYj4RlPy1ilFbgcbds,visa,4242
ch_3SRLpKJYj4RlPy1i01GiLOdS,4000.0,usd,2025-11-08 23:45:52,succeeded,card_1SRLhHJYj4RlPy1ilFbgcbds,visa,4242
ch_3SRLpEJYj4RlPy1i0E8X1r4K,4000.0,usd,2025-11-08 23:45:45,succeeded,card_1SRLhHJYj4RlPy1ilFbgcbds,visa,4242
ch_3SRLp7JYj4RlPy1i1Fx0qHrS,4000.0,usd,2025-11-08 23:45:39,succeeded,card_1SRLhHJYj4RlPy1ilFbgcbds,visa,4242
ch_3SRLp1JYj4RlPy1i1y8N5Lqp,4000.0,usd,2025-11-08 23:45:32,succeeded,card_1SRLhHJYj4RlPy1ilFbgcbds,visa,4242
ch_3SRLotJYj4RlPy1i0zP1H9IN,4000.0,usd,2025-11-08 23:45:25,succeeded,card_1SRLhHJYj4RlPy1ilFbgcbds,visa,4242
ch_3SRLolJYj4RlPy1i04xFoZQO,4000.0,usd,2025-11-08 23:45:16,succeeded,card_1SRLhHJYj4RlPy1ilFbgcbds,visa,4242
ch_3SRLofJYj4RlPy1i1iGGXEOu,4000.0,usd,2025-11-08 23:45:10,succeeded,card_1SRLhHJYj4RlPy1ilFbgcbds,visa,4242
ch_3SRLoYJYj4RlPy1i0lbmgzOl,4000.0,usd,2025-11-08 23:45:04,succeeded,card_1SRLhHJYj4RlPy1ilFbgcbds,visa,4242
ch_3SRLoSJYj4RlPy1i08LRR7Wy,4000.0,usd,2025-11-08 23:44:57,succeeded,card_1SRLhHJYj4RlPy1ilFbgcbds,visa,4242
ch_3SRLoLJYj4RlPy1i0VDH13uF,4000.0,usd,2025-11-08 23:44:51,succeeded,card_1SRLhHJYj4RlPy1ilFbgcbds,visa,4242
ch_3SRLoFJYj4RlPy1i1eQoFXpS,4000.0,usd,2025-11-08 23:44:45,succeeded,card_1SRLhHJYj4RlPy1ilFbgcbds,visa,4242
ch_3SRLo8JYj4RlPy1i0Rv630j8,4000.0,usd,2025-11-08 23:44:38,succeeded,card_1SRLhHJYj4RlPy1ilFbgcbds,visa,4242
ch_3SRLnxJYj4RlPy1i0VlshSRt,4000.0,usd,2025-11-08 23:44:26,succeeded,card_1SRLhHJYj4RlPy1ilFbgcbds,visa,4242
ch_3SRLnqJYj4RlPy1i1ltWYbJM,4000.0,usd,2025-11-08 23:44:20,succeeded,card_1SRLhHJYj4RlPy1ilFbgcbds,visa,4242
ch_3SRLnkJYj4RlPy1i0JVf7UDc,4000.0,usd,2025-11-08 23:44:13,succeeded,card_1SRLhHJYj4RlPy1ilFbgcbds,visa,4242
ch_3SRLndJYj4RlPy1i15qYQj67,4000.0,usd,2025-11-08 23:44:07,succeeded,card_1SRLhHJYj4RlPy1ilFbgcbds,visa,4242
ch_3SRLnWJYj4RlPy1i1OChJdja,4000.0,usd,2025-11-08 23:44:00,succeeded,card_1SRLhHJYj4RlPy1ilFbgcbds,visa,4242
ch_3SRLnQJYj4RlPy1i1fELEwnX,4000.0,usd,2025-11-08 23:43:54,succeeded,card_1SRLhHJYj4RlPy1ilFbgcbds,visa,4242
ch_3SRLnGJYj4RlPy1i0ioyp7YN,4000.0,usd,2025-11-08 23:43:44,succeeded,card_1SRLhHJYj4RlPy1ilFbgcbds,visa,4242
ch_3SRLnAJYj4RlPy1i0vRrffqN,4000.0,usd,2025-11-08 23:43:37,succeeded,card_1SRLhHJYj4RlPy1ilFbgcbds,visa,4242
ch_3SRLn4JYj4RlPy1i01eQrM2p,4000.0,usd,2025-11-08 23:43:31,succeeded,card_1SRLhHJYj4RlPy1ilFbgcbds,visa,4242
ch_3SRLmuJYj4RlPy1i0MwnzxaF,4000.0,usd,2025-11-08 23:43:21,succeeded,card_1SRLhHJYj4RlPy1ilFbgcbds,visa,4242
ch_3SRLmnJYj4RlPy1i1RXpbDqP,4000.0,usd,2025-11-08 23:43:15,succeeded,card_1SRLhHJYj4RlPy1ilFbgcbds,visa,4242
ch_3SRLmhJYj4RlPy1i0OG1Zrir,4000.0,usd,2025-11-08 23:43:08,succeeded,card_1SRLhHJYj4RlPy1ilFbgcbds,visa,4242
ch_3SRLmYJYj4RlPy1i0S9Al1D5,4000.0,usd,2025-11-08 23:43:00,succeeded,card_1SRLhHJYj4RlPy1ilFbgcbds,visa,4242
ch_3SRLmRJYj4RlPy1i0KTeEfzd,4000.0,usd,2025-11-08 23:42:52,succeeded,card_1SRLhHJYj4RlPy1ilFbgcbds,visa,4242
ch_3SRLmLJYj4RlPy1i1fWUdqbQ,4000.0,usd,2025-11-08 23:42:46,succeeded,card_1SRLhHJYj4RlPy1ilFbgcbds,visa,4242
ch_3SRLmEJYj4RlPy1i0vkr20a3,4000.0,usd,2025-11-08 23:42:40,succeeded,card_1SRLhHJYj4RlPy1ilFbgcbds,visa,4242
ch_3SRLm8JYj4RlPy1i1blOf5eR,4000.0,usd,2025-11-08 23:42:33,succeeded,card_1SRLhHJYj4RlPy1ilFbgcbds,visa,4242
ch_3SRLm1JYj4RlPy1i1pGoPB1q,4000.0,usd,2025-11-08 23:42:26,succeeded,card_1SRLhHJYj4RlPy1ilFbgcbds,visa,4242
ch_3SRLlrJYj4RlPy1i1WlbkPNO,14000.0,usd,2025-11-08 23:42:17,succeeded,card_1SRLhHJYj4RlPy1ilFbgcbds,visa,4242
ch_3SRLcSJYj4RlPy1i165JgrAg,200.0,usd,2025-11-08 23:32:34,succeeded,card_1SRECfJYj4RlPy1iNlq00Kur,visa,4242
ch_3SRLcMJYj4RlPy1i0UOavFgW,200.0,usd,2025-11-08 23:32:27,succeeded,card_1SRECfJYj4RlPy1iNlq00Kur,visa,4242
ch_3SREGQJYj4RlPy1i0uJcFWUk,200.0,usd,2025-11-08 15:41:19,succeeded,card_1SRECfJYj4RlPy1iNlq00Kur,visa,4242
ch_3SREFsJYj4RlPy1i1bhbnHvp,200.0,usd,2025-11-08 15:40:46,succeeded,card_1SRECfJYj4RlPy1iNlq00Kur,visa,4242
ch_3SREDPJYj4RlPy1i1quHD3Bx,120.0,usd,2025-11-08 15:38:11,succeeded,card_1SRECfJYj4RlPy1iNlq00Kur,visa,4242
ch_3SRECkJYj4RlPy1i0NWfwGCO,400.0,usd,2025-11-08 15:37:31,succeeded,card_1SRECfJYj4RlPy1iNlq00Kur,visa,4242
ch_3SRDybJYj4RlPy1i1rBqi7dK,1000.0,usd,2025-11-08 15:22:53,succeeded,pm_1SRDyaJYj4RlPy1i9mWmMsdh,visa,4242
ch_3SRDxSJYj4RlPy1i0ldsPIsI,1000.0,usd,2025-11-08 15:21:42,failed,pm_1SRDxRJYj4RlPy1i1bMdBHSx,mastercard,3333
